ID,Resource,Zone,Total_MW,Start_MW,Change_in_MW,Percent_MW,GWh,Percent_GWh
1,CA_N_batteries_1,1,0.0,2613.1,-2613.1,0.0,0.0,0.0
2,CA_N_biomass_1,1,250.4,250.4,0.0,0.22291462654678182,234.59311943774378,0.029871648145709313
3,CA_N_conventional_hydroelectric_1,1,7519.1,7519.1,0.0,6.693759458737649,4751.904344147335,0.6050783370400881
4,CA_N_geothermal_1,1,757.8,757.8,0.0,0.6746194249087509,2702.1421448652513,0.3440741978475964
5,CA_N_hydroelectric_pumped_storage_1,1,0.0,2276.9,-2276.9,0.0,0.0,0.0
6,CA_N_natural_gas_fired_combined_cycle_1,1,0.0,3112.8,-3112.8,0.0,0.0,0.0
7,CA_N_natural_gas_fired_combined_cycle_2,1,0.0,8296.9,-8296.9,0.0,0.0,0.0
8,CA_N_natural_gas_fired_combustion_turbine_1,1,0.0,2248.7,-2248.7,0.0,0.0,0.0
9,CA_N_natural_gas_fired_combustion_turbine_2,1,0.0,2483.5,-2483.5,0.0,0.0,0.0
10,CA_N_natural_gas_steam_turbine_1,1,0.0,2.9,-2.9,0.0,0.0,0.0
11,CA_N_onshore_wind_turbine_1,1,0.0,1486.7,-1486.7,0.0,0.0,0.0
12,CA_N_other_peaker_1,1,0.0,691.3,-691.3,0.0,0.0,0.0
13,CA_N_small_hydroelectric_1,1,116.8,116.8,0.0,0.10397934656814743,461.45241139864163,0.058758518162538895
14,CA_N_solar_photovoltaic_1,1,6164.9,6164.9,0.0,5.4882043977566095,10520.14877026783,1.339571182902292
15,CA_S_batteries_1,2,0.0,9081.9,-9081.9,0.0,0.0,0.0
16,CA_S_biomass_1,2,180.8,180.8,0.0,0.16095433098905013,142.99096334469675,0.018207591745598214
17,CA_S_conventional_hydroelectric_1,2,1349.7,1349.7,0.0,1.2015490073889432,737.6622860986465,0.09392938852388642
18,CA_S_geothermal_1,2,507.6,507.6,0.0,0.45188284518828453,1582.1921292427849,0.20146663592234493
19,CA_S_hydroelectric_pumped_storage_1,2,0.0,1665.0,-1665.0,0.0,0.0,0.0
20,CA_S_natural_gas_fired_combined_cycle_1,2,0.0,2614.4,-2614.4,0.0,0.0,0.0
21,CA_S_natural_gas_fired_combined_cycle_2,2,0.0,7481.6,-7481.6,0.0,0.0,0.0
22,CA_S_natural_gas_fired_combustion_turbine_1,2,0.0,4877.4,-4877.4,0.0,0.0,0.0
23,CA_S_natural_gas_fired_combustion_turbine_2,2,0.0,2073.2,-2073.2,0.0,0.0,0.0
24,CA_S_natural_gas_steam_turbine_1,2,0.0,2942.0,-2942.0,0.0,0.0,0.0
25,CA_S_onshore_wind_turbine_1,2,0.0,4823.3,-4823.3,0.0,0.0,0.0
26,CA_S_other_peaker_1,2,0.0,116.2,-116.2,0.0,0.0,0.0
27,CA_S_small_hydroelectric_1,2,72.8,72.8,0.0,0.06480904477877682,227.731636710232,0.028997949043683913
28,CA_S_solar_photovoltaic_1,2,15818.600000000002,15818.6,1.8189894035458565e-12,14.082257633757681,27619.266326694385,3.5168678763087033
29,WECC_N_batteries_1,3,0.0,342.0,-342.0,0.0,0.0,0.0
30,WECC_N_biomass_1,3,28.6,28.6,0.0,0.025460696163090896,4.461600000000001,0.0005681127634362066
31,WECC_N_conventional_hydroelectric_1,3,4627.9,4627.9,0.0,4.119914537523369,2830.1522693521565,0.3603742215095268
32,WECC_N_conventional_steam_coal_1,3,0.0,4629.2,-4629.2,0.0,0.0,0.0
33,WECC_N_geothermal_1,3,450.3,450.3,0.0,0.4008724294489451,1938.657272949896,0.24685671971742548
34,WECC_N_natural_gas_fired_combined_cycle_1,3,0.0,442.2,-442.2,0.0,0.0,0.0
35,WECC_N_natural_gas_fired_combined_cycle_2,3,0.0,3592.4,-3592.4,0.0,0.0,0.0
36,WECC_N_natural_gas_fired_combustion_turbine_1,3,0.0,1033.1,-1033.1,0.0,0.0,0.0
37,WECC_N_natural_gas_fired_combustion_turbine_2,3,0.0,267.2,-267.2,0.0,0.0,0.0
38,WECC_N_natural_gas_steam_turbine_1,3,0.0,362.2,-362.2,0.0,0.0,0.0
39,WECC_N_onshore_wind_turbine_1,3,0.0,3052.8,-3052.8,0.0,0.0,0.0
40,WECC_N_other_peaker_1,3,0.0,328.7,-328.7,0.0,0.0,0.0
41,WECC_N_solar_photovoltaic_1,3,4142.8,4142.8,0.0,3.688061960295558,5515.525978306836,0.702313229635127
42,WECC_NMAZ_batteries_1,4,0.0,1296.6,-1296.6,0.0,0.0,0.0
43,WECC_NMAZ_biomass_1,4,20.9,20.9,0.0,0.01860589334995104,5.7684,0.0007345126556852729
44,WECC_NMAZ_conventional_hydroelectric_1,4,3963.0,3963.0,0.0,3.527997863438084,1679.7152515963112,0.21388463182946102
45,WECC_NMAZ_conventional_steam_coal_1,4,0.0,2562.0,-2562.0,0.0,0.0,0.0
46,WECC_NMAZ_geothermal_1,4,5.8,5.8,0.0,0.005163357963144307,9.483000000000004,0.001207507023414369
47,WECC_NMAZ_hydroelectric_pumped_storage_1,4,0.0,216.3,-216.3,0.0,0.0,0.0
48,WECC_NMAZ_natural_gas_fired_combined_cycle_1,4,0.0,1129.3,-1129.3,0.0,0.0,0.0
49,WECC_NMAZ_natural_gas_fired_combined_cycle_2,4,0.0,15426.2,-15426.2,0.0,0.0,0.0
50,WECC_NMAZ_natural_gas_fired_combustion_turbine_1,4,0.0,5382.2,-5382.2,0.0,0.0,0.0
51,WECC_NMAZ_natural_gas_fired_combustion_turbine_2,4,0.0,348.0,-348.0,0.0,0.0,0.0
52,WECC_NMAZ_natural_gas_steam_turbine_1,4,0.0,1536.0,-1536.0,0.0,0.0,0.0
53,WECC_NMAZ_nuclear_1,4,0.0,4003.0,-4003.0,0.0,0.0,0.0
54,WECC_NMAZ_onshore_wind_turbine_1,4,0.0,4340.7,-4340.7,0.0,0.0,0.0
55,WECC_NMAZ_other_peaker_1,4,0.0,501.7,-501.7,0.0,0.0,0.0
56,WECC_NMAZ_solar_photovoltaic_1,4,8407.3,8407.3,0.0,7.484465414403988,14650.677167003249,1.8655273201447795
57,WECC_PNW_batteries_1,5,0.0,41.0,-41.0,0.0,0.0,0.0
58,WECC_PNW_biomass_1,5,191.3,191.3,0.0,0.17030178937060447,176.70118553444817,0.02250004456168845
59,WECC_PNW_conventional_hydroelectric_1,5,30586.100000000002,30586.1,3.637978807091713e-12,27.228790171815188,40801.4225937389,5.195402757274851
60,WECC_PNW_geothermal_1,5,22.6,22.6,0.0,0.020119291373631266,74.26359999999991,0.009456271072870948
61,WECC_PNW_hydroelectric_pumped_storage_1,5,0.0,314.0,-314.0,0.0,0.0,0.0
62,WECC_PNW_natural_gas_fired_combined_cycle_1,5,0.0,2899.0,-2899.0,0.0,0.0,0.0
63,WECC_PNW_natural_gas_fired_combined_cycle_2,5,0.0,4016.2,-4016.2,0.0,0.0,0.0
64,WECC_PNW_natural_gas_fired_combustion_turbine_1,5,0.0,776.2,-776.2,0.0,0.0,0.0
65,WECC_PNW_natural_gas_fired_combustion_turbine_2,5,0.0,422.4,-422.4,0.0,0.0,0.0
66,WECC_PNW_natural_gas_steam_turbine_1,5,0.0,3.0,-3.0,0.0,0.0,0.0
67,WECC_PNW_nuclear_1,5,0.0,1172.0,-1172.0,0.0,0.0,0.0
68,WECC_PNW_onshore_wind_turbine_1,5,0.0,7350.0,-7350.0,0.0,0.0,0.0
69,WECC_PNW_other_peaker_1,5,0.0,279.6,-279.6,0.0,0.0,0.0
70,WECC_PNW_solar_photovoltaic_1,5,1448.6,1448.6,0.0,1.2895931630018695,1603.9840789999994,0.20424148906857814
71,WECC_WYCO_batteries_1,6,0.0,240.2,-240.2,0.0,0.0,0.0
72,WECC_WYCO_biomass_1,6,10.8,10.8,0.0,0.009614528621027331,1.8468000000000002,0.00023516017830239966
73,WECC_WYCO_conventional_hydroelectric_1,6,974.1,974.1,0.0,0.8671770675687706,238.15295169097195,0.03032493533836459
74,WECC_WYCO_conventional_steam_coal_1,6,0.0,6261.0,-6261.0,0.0,0.0,0.0
75,WECC_WYCO_hydroelectric_pumped_storage_1,6,0.0,580.8,-580.8,0.0,0.0,0.0
76,WECC_WYCO_natural_gas_fired_combined_cycle_1,6,0.0,1606.5,-1606.5,0.0,0.0,0.0
77,WECC_WYCO_natural_gas_fired_combined_cycle_2,6,0.0,1955.0,-1955.0,0.0,0.0,0.0
78,WECC_WYCO_natural_gas_fired_combustion_turbine_1,6,0.0,303.8,-303.8,0.0,0.0,0.0
79,WECC_WYCO_natural_gas_fired_combustion_turbine_2,6,0.0,2853.0,-2853.0,0.0,0.0,0.0
80,WECC_WYCO_natural_gas_steam_turbine_1,6,0.0,98.0,-98.0,0.0,0.0,0.0
81,WECC_WYCO_onshore_wind_turbine_1,6,0.0,11507.5,-11507.5,0.0,0.0,0.0
82,WECC_WYCO_other_peaker_1,6,0.0,442.2,-442.2,0.0,0.0,0.0
83,WECC_WYCO_solar_photovoltaic_1,6,2310.4,2310.4,0.0,2.056796937594587,3641.155744,0.46364242689292107
84,CA_N_naturalgas_ccavgcf_moderate_0,1,0.0,0.0,0.0,0.0,0.0,0.0
85,CA_N_naturalgas_ctavgcf_moderate_0,1,0.0,0.0,0.0,0.0,0.0,0.0
86,CA_N_battery_moderate_0,1,0.0,0.0,0.0,0.0,0.0,0.0
87,CA_N_nuclear_nuclear_moderate_0,1,0.0,0.0,0.0,0.0,0.0,0.0
88,CA_N_naturalgas_ccs100_moderate_0,1,0.0,0.0,0.0,0.0,0.0,0.0
89,CA_N_landbasedwind_class6_moderate_1,1,88.7,0.0,88.7,0.07896376747084484,419.07796289999976,0.05336281594009658
90,CA_N_landbasedwind_class6_moderate_2,1,3.2,0.0,3.2,0.0028487492210451347,12.175263999999997,0.0015503233989163888
91,CA_N_landbasedwind_class6_moderate_3,1,25.1,0.0,25.1,0.022344876702572777,129.8606982999999,0.016535664374432588
92,CA_N_landbasedwind_class6_moderate_4,1,65.2,0.0,65.2,0.05804326537879463,307.65904439999997,0.039175414629331745
93,CA_N_landbasedwind_class6_moderate_5,1,63.60000000000001,0.0,63.60000000000001,0.05661889076827207,138.51221399999994,0.017637295289852785
94,CA_N_landbasedwind_class6_moderate_6,1,13.0,0.0,13.0,0.011573043710495862,29.21253399999999,0.0037197448040420782
95,CA_N_landbasedwind_class6_moderate_7,1,67.6,0.0,67.6,0.060179827294578464,137.05043401378396,0.017451161197261582
96,CA_N_landbasedwind_class6_moderate_8,1,17.6,0.0,17.6,0.015668120715748243,79.31874719999995,0.01009996249419263
97,CA_N_landbasedwind_class6_moderate_9,1,15.0,0.0,15.0,0.01335351197364907,30.96114,0.003942401560994995
98,CA_N_landbasedwind_class6_moderate_10,1,102.9,0.0,102.9,0.09160509213923262,203.26125119999998,0.025882040326056333
99,CA_N_landbasedwind_class6_moderate_11,1,32.0,0.0,32.0,0.028487492210451347,138.429312,0.017626739057937248
100,CA_N_landbasedwind_class6_moderate_12,1,2.1,0.0,2.1,0.00186949167631087,6.924040199999996,0.0008816647866607007
101,CA_N_utilitypv_class5_moderate_1,1,0.0,0.0,0.0,0.0,0.0,0.0
102,CA_N_utilitypv_class5_moderate_2,1,0.0,0.0,0.0,0.0,0.0,0.0
103,CA_N_utilitypv_class5_moderate_3,1,0.0,0.0,0.0,0.0,0.0,0.0
104,CA_N_utilitypv_class5_moderate_4,1,0.0,0.0,0.0,0.0,0.0,0.0
105,CA_N_utilitypv_class5_moderate_5,1,0.0,0.0,0.0,0.0,0.0,0.0
106,CA_N_utilitypv_class5_moderate_6,1,0.0,0.0,0.0,0.0,0.0,0.0
107,CA_N_utilitypv_class5_moderate_7,1,0.0,0.0,0.0,0.0,0.0,0.0
108,CA_N_utilitypv_class5_moderate_8,1,0.0,0.0,0.0,0.0,0.0,0.0
109,CA_N_utilitypv_class5_moderate_9,1,0.0,0.0,0.0,0.0,0.0,0.0
110,CA_N_utilitypv_class5_moderate_10,1,0.0,0.0,0.0,0.0,0.0,0.0
111,CA_N_offshorewind_class8_moderate_floating_1_1,1,2749.1,0.0,2749.1,2.4473426511172436,10168.486475416858,1.2947926644057652
112,CA_N_offshorewind_class8_moderate_floating_1_2,1,2554.0,0.0,2554.0,2.273657972046648,9938.331438048177,1.2654861343944948
113,CA_N_offshorewind_class8_moderate_floating_1_3,1,1016.2489582291282,0.0,1016.2489582291282,0.9046995087947372,4067.8911261985063,0.5179802916133799
114,CA_N_offshorewind_class8_moderate_floating_1_4,1,-0.0,0.0,-0.0,-0.0,0.0,0.0
115,CA_N_offshorewind_class8_moderate_floating_1_5,1,-0.0,0.0,-0.0,-0.0,0.0,0.0
116,CA_N_offshorewind_class8_moderate_floating_0_1,1,-0.0,0.0,-0.0,-0.0,0.0,0.0
117,CA_N_offshorewind_class8_moderate_floating_0_2,1,-0.0,0.0,-0.0,-0.0,0.0,0.0
118,CA_N_offshorewind_class8_moderate_floating_0_3,1,0.0,0.0,0.0,0.0,0.0,0.0
119,CA_N_offshorewind_class8_moderate_floating_0_4,1,0.0,0.0,0.0,0.0,0.0,0.0
120,CA_N_offshorewind_class8_moderate_floating_0_5,1,0.0,0.0,0.0,0.0,0.0,0.0
121,CA_S_naturalgas_ccavgcf_moderate_0,2,0.0,0.0,0.0,0.0,0.0,0.0
122,CA_S_naturalgas_ctavgcf_moderate_0,2,0.0,0.0,0.0,0.0,0.0,0.0
123,CA_S_battery_moderate_0,2,0.0,0.0,0.0,0.0,0.0,0.0
124,CA_S_nuclear_nuclear_moderate_0,2,0.0,0.0,0.0,0.0,0.0,0.0
125,CA_S_naturalgas_ccs100_moderate_0,2,0.0,0.0,0.0,0.0,0.0,0.0
126,CA_S_landbasedwind_class6_moderate_1,2,112.5,0.0,112.5,0.10015133980236803,323.31048749999997,0.041168373341745584
127,CA_S_landbasedwind_class6_moderate_2,2,115.3,0.0,115.3,0.1026439953707825,395.65068170000006,0.05037972972386722
128,CA_S_landbasedwind_class6_moderate_3,2,10.4,0.0,10.4,0.009258434968396689,43.8677616,0.005585851548398938
129,CA_S_landbasedwind_class6_moderate_4,2,136.5,0.0,136.5,0.12151695896020653,320.0362620000002,0.04075145356029539
130,CA_S_landbasedwind_class6_moderate_5,2,57.5,0.0,57.5,0.05118846256565477,178.905845,0.02278077236817277
131,CA_S_landbasedwind_class6_moderate_6,2,20.9,0.0,20.9,0.01860589334995104,69.69234580000001,0.008874195616547809
132,CA_S_landbasedwind_class6_moderate_7,2,0.0,0.0,0.0,0.0,0.0,0.0
133,CA_S_landbasedwind_class6_moderate_8,2,29.2,0.0,29.2,0.025994836642036858,92.39323840000003,0.011764787966255212
134,CA_S_landbasedwind_class6_moderate_9,2,102.9,0.0,102.9,0.09160509213923262,217.69482840000006,0.027719923468732026
135,CA_S_landbasedwind_class6_moderate_10,2,46.99999999999999,0.0,46.99999999999999,0.04184100418410041,134.95772699999998,0.017184688728940096
136,CA_S_landbasedwind_class6_moderate_11,2,83.8,0.0,83.8,0.07460162022611946,170.52227360000012,0.021713259835556966
137,CA_S_landbasedwind_class6_moderate_12,2,85.7,0.0,85.7,0.07629306507611502,177.88594739999996,0.022650904866837383
138,CA_S_landbasedwind_class6_moderate_13,2,143.0,0.0,143.0,0.12730348081545448,502.55948600000005,0.0639928407706965
139,CA_S_landbasedwind_class6_moderate_14,2,52.2,0.0,52.2,0.04647022166829876,141.55099314041252,0.018024234776792915
140,CA_S_landbasedwind_class6_moderate_15,2,11.7,0.0,11.7,0.010415739339446273,23.780753099999995,0.0030280951587401675
141,CA_S_utilitypv_class5_moderate_1,2,0.0,0.0,0.0,0.0,0.0,0.0
142,CA_S_utilitypv_class5_moderate_2,2,0.0,0.0,0.0,0.0,0.0,0.0
143,CA_S_utilitypv_class5_moderate_3,2,0.0,0.0,0.0,0.0,0.0,0.0
144,CA_S_utilitypv_class5_moderate_4,2,0.0,0.0,0.0,0.0,0.0,0.0
145,CA_S_utilitypv_class5_moderate_5,2,0.0,0.0,0.0,0.0,0.0,0.0
146,CA_S_utilitypv_class5_moderate_6,2,0.0,0.0,0.0,0.0,0.0,0.0
147,CA_S_utilitypv_class5_moderate_7,2,0.0,0.0,0.0,0.0,0.0,0.0
148,CA_S_utilitypv_class5_moderate_8,2,0.0,0.0,0.0,0.0,0.0,0.0
149,CA_S_utilitypv_class5_moderate_9,2,0.0,0.0,0.0,0.0,0.0,0.0
150,CA_S_utilitypv_class5_moderate_10,2,0.0,0.0,0.0,0.0,0.0,0.0
151,CA_S_offshorewind_class8_moderate_floating_0_1,2,0.0,0.0,0.0,0.0,0.0,0.0
152,CA_S_offshorewind_class8_moderate_floating_0_2,2,13078.218899020616,0.0,13078.218899020616,11.642676844138357,38280.37423235619,4.874387930454552
153,CA_S_offshorewind_class8_moderate_floating_0_3,2,0.0,0.0,0.0,0.0,0.0,0.0
154,CA_S_offshorewind_class8_moderate_floating_0_4,2,0.0,0.0,0.0,0.0,0.0,0.0
155,CA_S_offshorewind_class8_moderate_floating_0_5,2,0.0,0.0,0.0,0.0,0.0,0.0
156,WECC_N_naturalgas_ccavgcf_moderate_0,3,0.0,0.0,0.0,0.0,0.0,0.0
157,WECC_N_naturalgas_ctavgcf_moderate_0,3,0.0,0.0,0.0,0.0,0.0,0.0
158,WECC_N_battery_moderate_0,3,0.0,0.0,0.0,0.0,0.0,0.0
159,WECC_N_nuclear_nuclear_moderate_0,3,0.0,0.0,0.0,0.0,0.0,0.0
160,WECC_N_naturalgas_ccs100_moderate_0,3,0.0,0.0,0.0,0.0,0.0,0.0
161,WECC_N_landbasedwind_class6_moderate_1,3,0.0,0.0,0.0,0.0,0.0,0.0
162,WECC_N_landbasedwind_class6_moderate_2,3,0.0,0.0,0.0,0.0,0.0,0.0
163,WECC_N_landbasedwind_class6_moderate_3,3,12799.076550201225,0.0,12799.076550201225,11.394174797650873,47158.66633544596,6.004895161331407
164,WECC_N_landbasedwind_class6_moderate_4,3,0.0,0.0,0.0,0.0,0.0,0.0
165,WECC_N_landbasedwind_class6_moderate_5,3,0.0,0.0,0.0,0.0,0.0,0.0
166,WECC_N_landbasedwind_class6_moderate_6,3,-0.0,0.0,-0.0,-0.0,0.0,0.0
167,WECC_N_landbasedwind_class6_moderate_7,3,-0.0,0.0,-0.0,-0.0,0.0,0.0
168,WECC_N_landbasedwind_class6_moderate_8,3,0.0,0.0,0.0,0.0,0.0,0.0
169,WECC_N_landbasedwind_class6_moderate_9,3,0.0,0.0,0.0,0.0,0.0,0.0
170,WECC_N_landbasedwind_class6_moderate_10,3,0.0,0.0,0.0,0.0,0.0,0.0
171,WECC_N_landbasedwind_class6_moderate_11,3,-0.0,0.0,-0.0,-0.0,0.0,0.0
172,WECC_N_landbasedwind_class6_moderate_12,3,-0.0,0.0,-0.0,-0.0,0.0,0.0
173,WECC_N_landbasedwind_class6_moderate_13,3,0.0,0.0,0.0,0.0,0.0,0.0
174,WECC_N_landbasedwind_class6_moderate_14,3,744.195007592936,0.0,744.195007592936,0.6625077963081422,1451.3870781889207,0.1848107234636698
175,WECC_N_landbasedwind_class6_moderate_15,3,16810.997267515686,0.0,16810.997267515686,14.9657235533835,31967.89915474346,4.070596093341241
176,WECC_N_utilitypv_class5_moderate_1,3,0.0,0.0,0.0,0.0,0.0,0.0
177,WECC_N_utilitypv_class5_moderate_2,3,0.0,0.0,0.0,0.0,0.0,0.0
178,WECC_N_utilitypv_class5_moderate_3,3,0.0,0.0,0.0,0.0,0.0,0.0
179,WECC_N_utilitypv_class5_moderate_4,3,0.0,0.0,0.0,0.0,0.0,0.0
180,WECC_N_utilitypv_class5_moderate_5,3,0.0,0.0,0.0,0.0,0.0,0.0
181,WECC_N_utilitypv_class5_moderate_6,3,0.0,0.0,0.0,0.0,0.0,0.0
182,WECC_N_utilitypv_class5_moderate_7,3,0.0,0.0,0.0,0.0,0.0,0.0
183,WECC_N_utilitypv_class5_moderate_8,3,0.0,0.0,0.0,0.0,0.0,0.0
184,WECC_N_utilitypv_class5_moderate_9,3,0.0,0.0,0.0,0.0,0.0,0.0
185,WECC_N_utilitypv_class5_moderate_10,3,0.0,0.0,0.0,0.0,0.0,0.0
186,WECC_NMAZ_naturalgas_ccavgcf_moderate_0,4,0.0,0.0,0.0,0.0,0.0,0.0
187,WECC_NMAZ_naturalgas_ctavgcf_moderate_0,4,0.0,0.0,0.0,0.0,0.0,0.0
188,WECC_NMAZ_battery_moderate_0,4,0.0,0.0,0.0,0.0,0.0,0.0
189,WECC_NMAZ_nuclear_nuclear_moderate_0,4,0.0,0.0,0.0,0.0,0.0,0.0
190,WECC_NMAZ_naturalgas_ccs100_moderate_0,4,0.0,0.0,0.0,0.0,0.0,0.0
191,WECC_NMAZ_landbasedwind_class6_moderate_1,4,-0.0,0.0,-0.0,-0.0,0.0,0.0
192,WECC_NMAZ_landbasedwind_class6_moderate_2,4,-0.0,0.0,-0.0,-0.0,0.0,0.0
193,WECC_NMAZ_landbasedwind_class6_moderate_3,4,19387.917048039926,0.0,19387.917048039926,17.25978549634107,21885.52445733431,2.7867683742843106
194,WECC_NMAZ_landbasedwind_class6_moderate_4,4,19174.2,0.0,19174.2,17.069527285676134,8173.621180481301,1.040778760113847
195,WECC_NMAZ_landbasedwind_class6_moderate_5,4,20690.4,0.0,20690.4,18.41930027597258,9624.851350037758,1.2255695037951975
196,WECC_NMAZ_landbasedwind_class6_moderate_6,4,21538.7,0.0,21538.7,19.174485889789015,13447.758908082855,1.7123550912889578
197,WECC_NMAZ_landbasedwind_class6_moderate_7,4,-0.0,0.0,-0.0,-0.0,0.0,0.0
198,WECC_NMAZ_landbasedwind_class6_moderate_8,4,20963.2,0.0,20963.2,18.662156147066682,42887.68520148926,5.46105463448094
199,WECC_NMAZ_landbasedwind_class6_moderate_9,4,17204.93129463739,0.0,17204.93129463739,15.316417069916666,30516.61153262496,3.885798034003222
200,WECC_NMAZ_landbasedwind_class6_moderate_10,4,6482.671658806971,0.0,6482.671658806971,5.771095574474291,9715.444591750907,1.2371050912298178
201,WECC_NMAZ_landbasedwind_class6_moderate_11,4,20934.2,0.0,20934.2,18.636339357250957,38262.85166431749,4.872156714175422
202,WECC_NMAZ_landbasedwind_class6_moderate_12,4,21370.6,0.0,21370.6,19.024837532270986,40188.315086609786,5.117333409919956
203,WECC_NMAZ_landbasedwind_class6_moderate_13,4,-0.0,0.0,-0.0,-0.0,0.0,0.0
204,WECC_NMAZ_landbasedwind_class6_moderate_14,4,20963.3,0.0,20963.3,18.662245170479835,31702.520021857057,4.036804343174842
205,WECC_NMAZ_landbasedwind_class6_moderate_15,4,0.0,0.0,0.0,0.0,0.0,0.0
206,WECC_NMAZ_utilitypv_class5_moderate_1,4,0.0,0.0,0.0,0.0,0.0,0.0
207,WECC_NMAZ_utilitypv_class5_moderate_2,4,0.0,0.0,0.0,0.0,0.0,0.0
208,WECC_NMAZ_utilitypv_class5_moderate_3,4,0.0,0.0,0.0,0.0,0.0,0.0
209,WECC_NMAZ_utilitypv_class5_moderate_4,4,0.0,0.0,0.0,0.0,0.0,0.0
210,WECC_NMAZ_utilitypv_class5_moderate_5,4,0.0,0.0,0.0,0.0,0.0,0.0
211,WECC_NMAZ_utilitypv_class5_moderate_6,4,0.0,0.0,0.0,0.0,0.0,0.0
212,WECC_NMAZ_utilitypv_class5_moderate_7,4,0.0,0.0,0.0,0.0,0.0,0.0
213,WECC_NMAZ_utilitypv_class5_moderate_8,4,0.0,0.0,0.0,0.0,0.0,0.0
214,WECC_NMAZ_utilitypv_class5_moderate_9,4,0.0,0.0,0.0,0.0,0.0,0.0
215,WECC_NMAZ_utilitypv_class5_moderate_10,4,0.0,0.0,0.0,0.0,0.0,0.0
216,WECC_PNW_naturalgas_ccavgcf_moderate_0,5,0.0,0.0,0.0,0.0,0.0,0.0
217,WECC_PNW_naturalgas_ctavgcf_moderate_0,5,0.0,0.0,0.0,0.0,0.0,0.0
218,WECC_PNW_battery_moderate_0,5,0.0,0.0,0.0,0.0,0.0,0.0
219,WECC_PNW_nuclear_nuclear_moderate_0,5,0.0,0.0,0.0,0.0,0.0,0.0
220,WECC_PNW_naturalgas_ccs100_moderate_0,5,0.0,0.0,0.0,0.0,0.0,0.0
221,WECC_PNW_landbasedwind_class6_moderate_1,5,2080.3,0.0,2080.3,1.851954063918811,6031.890754822768,0.7680639513779066
222,WECC_PNW_landbasedwind_class6_moderate_2,5,2152.3,0.0,2152.3,1.9160509213923265,7707.370982352722,0.9814093212328391
223,WECC_PNW_landbasedwind_class6_moderate_3,5,1936.1,0.0,1936.1,1.7235823021454642,7743.983119058652,0.9860712860345492
224,WECC_PNW_landbasedwind_class6_moderate_4,5,1824.8,0.0,1824.8,1.6244992433009882,4925.14992728156,0.6271383663989507
225,WECC_PNW_landbasedwind_class6_moderate_5,5,2033.6,0.0,2033.6,1.810380129974183,6689.834293231434,0.8518424437999845
226,WECC_PNW_landbasedwind_class6_moderate_6,5,2204.2,0.0,2204.2,1.962254072821152,5784.204084824846,0.7365250508581759
227,WECC_PNW_landbasedwind_class6_moderate_7,5,1752.6,0.0,1752.6,1.5602243390011572,4307.122686128567,0.5484425703055579
228,WECC_PNW_landbasedwind_class6_moderate_8,5,2203.7,0.0,2203.7,1.9618089557553633,6165.088932354366,0.7850245898757869
229,WECC_PNW_landbasedwind_class6_moderate_9,5,2196.3,0.0,2196.3,1.9552212231816968,5878.835284745234,0.7485748071102055
230,WECC_PNW_landbasedwind_class6_moderate_10,5,1579.4,0.0,1579.4,1.4060357874120895,4307.895618417656,0.5485409907598127
231,WECC_PNW_landbasedwind_class6_moderate_11,5,2187.1,0.0,2187.1,1.9470310691711918,6165.448511432287,0.7850703764688547
232,WECC_PNW_landbasedwind_class6_moderate_12,5,2309.8,0.0,2309.8,2.0562627971156417,6618.016705518105,0.8426976329206718
233,WECC_PNW_landbasedwind_class6_moderate_13,5,1756.0,0.0,1756.0,1.5632511350485176,5886.124939090201,0.7495030269583349
234,WECC_PNW_landbasedwind_class6_moderate_14,5,1898.6,0.0,1898.6,1.6901985222113416,5578.972694713825,0.710392145133811
235,WECC_PNW_landbasedwind_class6_moderate_15,5,2384.4,0.0,2384.4,2.1226742633312563,6689.87350324098,0.8518474365619708
236,WECC_PNW_utilitypv_class5_moderate_1,5,0.0,0.0,0.0,0.0,0.0,0.0
237,WECC_PNW_utilitypv_class5_moderate_2,5,0.0,0.0,0.0,0.0,0.0,0.0
238,WECC_PNW_utilitypv_class5_moderate_3,5,0.0,0.0,0.0,0.0,0.0,0.0
239,WECC_PNW_utilitypv_class5_moderate_4,5,0.0,0.0,0.0,0.0,0.0,0.0
240,WECC_PNW_utilitypv_class5_moderate_5,5,0.0,0.0,0.0,0.0,0.0,0.0
241,WECC_PNW_utilitypv_class5_moderate_6,5,0.0,0.0,0.0,0.0,0.0,0.0
242,WECC_PNW_utilitypv_class5_moderate_7,5,0.0,0.0,0.0,0.0,0.0,0.0
243,WECC_PNW_utilitypv_class5_moderate_8,5,0.0,0.0,0.0,0.0,0.0,0.0
244,WECC_PNW_utilitypv_class5_moderate_9,5,0.0,0.0,0.0,0.0,0.0,0.0
245,WECC_PNW_utilitypv_class5_moderate_10,5,0.0,0.0,0.0,0.0,0.0,0.0
246,WECC_PNW_offshorewind_class8_moderate_floating_1_1,5,475.1000000000001,0.0,475.1000000000001,0.4229502359120449,2068.3891836999996,0.26337598507561555
247,WECC_PNW_offshorewind_class8_moderate_floating_1_2,5,344.9,0.0,344.9,0.30704175198077094,1478.561812100001,0.18827098731024222
248,WECC_PNW_offshorewind_class8_moderate_floating_1_3,5,-1.0207797048947918e-12,0.0,-1.0207797048947918e-12,-9.087329341180377e-16,-4.3532314204101986e-12,-5.543137735625248e-16
249,WECC_PNW_offshorewind_class8_moderate_floating_1_4,5,-0.0,0.0,-0.0,-0.0,0.0,0.0
250,WECC_PNW_offshorewind_class8_moderate_floating_1_5,5,93.88624113476683,0.0,93.88624113476683,0.08358073634360086,399.39601300942593,0.05085663722794245
251,WECC_PNW_offshorewind_class8_moderate_floating_0_1,5,3714.0000000000005,0.0,3714.0000000000005,3.30632956467551,16201.181088,2.062958974097653
252,WECC_PNW_offshorewind_class8_moderate_floating_0_2,5,3510.0,0.0,3510.0,3.1247218018338825,15522.778440000002,1.9765753442165068
253,WECC_PNW_offshorewind_class8_moderate_floating_0_3,5,3584.0,0.0,3584.0,3.1905991275705508,15633.472512000002,1.9906704480223
254,WECC_PNW_offshorewind_class8_moderate_floating_0_4,5,3584.0000000000005,0.0,3584.0000000000005,3.1905991275705516,15474.554368,1.9704347868361796
255,WECC_PNW_offshorewind_class8_moderate_floating_0_5,5,3557.999999999999,0.0,3557.999999999999,3.1674530401495584,15326.419451999998,1.9515721957275751
256,WECC_WYCO_naturalgas_ccavgcf_moderate_0,6,0.0,0.0,0.0,0.0,0.0,0.0
257,WECC_WYCO_naturalgas_ctavgcf_moderate_0,6,0.0,0.0,0.0,0.0,0.0,0.0
258,WECC_WYCO_battery_moderate_0,6,0.0,0.0,0.0,0.0,0.0,0.0
259,WECC_WYCO_nuclear_nuclear_moderate_0,6,0.0,0.0,0.0,0.0,0.0,0.0
260,WECC_WYCO_naturalgas_ccs100_moderate_0,6,0.0,0.0,0.0,0.0,0.0,0.0
261,WECC_WYCO_landbasedwind_class6_moderate_1,6,-0.0,0.0,-0.0,-0.0,0.0,0.0
262,WECC_WYCO_landbasedwind_class6_moderate_2,6,0.0,0.0,0.0,0.0,0.0,0.0
263,WECC_WYCO_landbasedwind_class6_moderate_3,6,21193.23663110017,0.0,21193.23663110017,18.866942607584946,36476.87436676595,4.644741325537639
264,WECC_WYCO_landbasedwind_class6_moderate_4,6,11045.652970830524,0.0,11045.652970830524,9.833217280183854,32938.534545404,4.194190847258477
265,WECC_WYCO_landbasedwind_class6_moderate_5,6,0.0,0.0,0.0,0.0,0.0,0.0
266,WECC_WYCO_landbasedwind_class6_moderate_6,6,0.0,0.0,0.0,0.0,0.0,0.0
267,WECC_WYCO_landbasedwind_class6_moderate_7,6,0.0,0.0,0.0,0.0,0.0,0.0
268,WECC_WYCO_landbasedwind_class6_moderate_8,6,0.0,0.0,0.0,0.0,0.0,0.0
269,WECC_WYCO_landbasedwind_class6_moderate_9,6,6875.658523484201,0.0,6875.658523484201,6.120945894671237,17708.617068111605,2.254906620763506
270,WECC_WYCO_landbasedwind_class6_moderate_10,6,0.0,0.0,0.0,0.0,0.0,0.0
271,WECC_WYCO_landbasedwind_class6_moderate_11,6,0.0,0.0,0.0,0.0,0.0,0.0
272,WECC_WYCO_landbasedwind_class6_moderate_12,6,0.0,0.0,0.0,0.0,0.0,0.0
273,WECC_WYCO_landbasedwind_class6_moderate_13,6,1595.0881559568832,0.0,1595.0881559568832,1.4200019193064037,4694.892876365458,0.5978188466086024
274,WECC_WYCO_landbasedwind_class6_moderate_14,6,-0.0,0.0,-0.0,-0.0,0.0,0.0
275,WECC_WYCO_landbasedwind_class6_moderate_15,6,0.0,0.0,0.0,0.0,0.0,0.0
276,WECC_WYCO_utilitypv_class5_moderate_1,6,0.0,0.0,0.0,0.0,0.0,0.0
277,WECC_WYCO_utilitypv_class5_moderate_2,6,0.0,0.0,0.0,0.0,0.0,0.0
278,WECC_WYCO_utilitypv_class5_moderate_3,6,0.0,0.0,0.0,0.0,0.0,0.0
279,WECC_WYCO_utilitypv_class5_moderate_4,6,0.0,0.0,0.0,0.0,0.0,0.0
280,WECC_WYCO_utilitypv_class5_moderate_5,6,0.0,0.0,0.0,0.0,0.0,0.0
281,WECC_WYCO_utilitypv_class5_moderate_6,6,0.0,0.0,0.0,0.0,0.0,0.0
282,WECC_WYCO_utilitypv_class5_moderate_7,6,0.0,0.0,0.0,0.0,0.0,0.0
283,WECC_WYCO_utilitypv_class5_moderate_8,6,0.0,0.0,0.0,0.0,0.0,0.0
284,WECC_WYCO_utilitypv_class5_moderate_9,6,0.0,0.0,0.0,0.0,0.0,0.0
285,WECC_WYCO_utilitypv_class5_moderate_10,6,0.0,0.0,0.0,0.0,0.0,0.0
286,WECC_PNW_trans_light_duty_1,5,0.0,4690.4,-4690.4,0.0,0.0,0.0
287,CA_N_trans_light_duty_1,1,0.0,3395.3,-3395.3,0.0,0.0,0.0
288,CA_S_trans_light_duty_1,2,0.0,5323.6,-5323.6,0.0,0.0,0.0
289,WECC_N_trans_light_duty_1,3,0.0,2046.9,-2046.9,0.0,0.0,0.0
290,WECC_WYCO_trans_light_duty_1,6,0.0,2557.3,-2557.3,0.0,0.0,0.0
291,WECC_NMAZ_trans_light_duty_1,4,0.0,3873.9,-3873.9,0.0,0.0,0.0
292,WECC_PNW_res_water_heat_1,5,0.0,178.1,-178.1,0.0,0.0,0.0
293,CA_N_res_water_heat_1,1,0.0,100.5,-100.5,0.0,0.0,0.0
294,CA_S_res_water_heat_1,2,0.0,157.5,-157.5,0.0,0.0,0.0
295,WECC_N_res_water_heat_1,3,0.0,79.2,-79.2,0.0,0.0,0.0
296,WECC_WYCO_res_water_heat_1,6,0.0,89.1,-89.1,0.0,0.0,0.0
297,WECC_NMAZ_res_water_heat_1,4,0.0,156.4,-156.4,0.0,0.0,0.0
